standard,Ounass,Farfetch
Marc Jacobs,Marc Jacobs,Marc Jacobs
MCM,MCM,MCM
Serapian,Serapian,Serapian
Coperni,Coperni,Coperni
Jacquemus,Jacquemus,Jacquemus
Jil Sander,Jil Sander,Jil Sander
Kate Spade,Kate Spade New York,Kate Spade
Valextra,Valextra,Valextra
Alexander Wang,Alexander Wang,Alexander Wang
Amina Muaddi,Amina Muaddi,Amina Muaddi
Benedetta Bruzziches,Benedetta Bruzziches,Benedetta Bruzziches
Boyy,Boyy,Boyy
By Far,By Far,By Far
Chloé,Chloé,Chloé
Adidas,adidas,Adidas
Alexander McQueen,Alexander McQueen,Alexander McQueen
Miu Miu,Miu Miu,Miu Miu
Balenciaga,Balenciaga,Balenciaga
Jimmy Choo,Jimmy Choo,Jimmy Choo
Maison Margiela,Maison Margiela,Maison Margiela
Nike,Nike,Nike
Dolce & Gabbana,Dolce & Gabbana,Dolce & Gabbana
SAINT LAURENT,SAINT LAURENT,Saint Laurent
BOSS,BOSS,BOSS
Christian Louboutin,Christian Louboutin,
Valentino Garavani,Valentino Garavani,Valentino Garavani
Golden Goose,GOLDEN GOOSE,Golden Goose Deluxe Brand
Malone Souliers,Malone Souliers,Malone Souliers
Lacoste,Lacoste,Lacoste
Armani Exchange,Armani Exchange,Armani Exchange
Karl Lagerfeld,Karl Lagerfeld,Karl Lagerfeld
Giuseppe Zanotti,Giuseppe Zanotti,Giuseppe Zanotti
Autry,Autry,Autry
Stella McCartney,Stella McCartney,Stella McCartney
Off-White,Off-White,Off-White
Ferragamo,Ferragamo,Ferragamo
Puma,Puma,PUMA
KENZO,KENZO,Kenzo
Tory Burch,Tory Burch,Tory Burch
Brunello Cucinelli,Brunello Cucinelli,Brunello Cucinelli
Versace Jeans Couture,Versace Jeans Couture,Versace Jeans Couture
PINKO,PINKO,PINKO
René Caovilla,René Caovilla,René Caovilla
Loro Piana,Loro Piana,Loro Piana
Marni,Marni,Marni
Emporio Armani,Emporio Armani,Emporio Armani
Bottega Veneta,Bottega Veneta,
Love Moschino,Love Moschino,Love Moschino
Bally,Bally,Bally
Giorgio Armani,Giorgio Armani,
Michael Kors,Michael Kors,Michael Kors
Burberry,Burberry,Burberry
Palm Angels,Palm Angels,Palm Angels
Elisabetta Franchi,Elisabetta Franchi,Elisabetta Franchi
Versace,Versace,Versace
Jordan,Jordan,Jordan
Coach,Coach,Coach
MCM,MCM,MCM
Gucci,Gucci,Gucci
New Balance,New Balance,New Balance
Converse,Converse,Converse
Reebok,Reebok,Reebok
